{
    "Linear Regression": {
        "train_r2": 0.9298928228674543,
        "test_r2": 0.8281800532224968,
        "train_rmse": 15476.36813183328,
        "test_rmse": 25278.48790417151,
        "train_mae": 10786.459774475916,
        "test_mae": 13450.345518982742,
        "cv_r2_mean": 0.7749176464541081,
        "cv_r2_std": 0.15629261836969677
    },
    "Ridge": {
        "train_r2": 0.9233977909470935,
        "test_r2": 0.8630023021621183,
        "train_rmse": 16177.390105788578,
        "test_rmse": 22572.046510358734,
        "train_mae": 11500.419198840256,
        "test_mae": 13474.711687095998,
        "cv_r2_mean": 0.8214363767541693,
        "cv_r2_std": 0.13875885313425398
    },
    "Lasso": {
        "train_r2": 0.9297350295865486,
        "test_r2": 0.8401839918484714,
        "train_rmse": 15493.775011067717,
        "test_rmse": 24379.480176013774,
        "train_mae": 10845.243764290615,
        "test_mae": 13141.49732028797,
        "cv_r2_mean": 0.8037071469221007,
        "cv_r2_std": 0.14853239084075803
    },
    "ElasticNet": {
        "train_r2": 0.8554004889413663,
        "test_r2": 0.8258386239256514,
        "train_rmse": 22226.50735324265,
        "test_rmse": 25450.142925083812,
        "train_mae": 14916.861338510285,
        "test_mae": 15558.018177567279,
        "cv_r2_mean": 0.8298628915302689,
        "cv_r2_std": 0.08608641812245056
    },
    "Random Forest": {
        "train_r2": 0.9773073284586344,
        "test_r2": 0.9032279016400147,
        "train_rmse": 8805.025638147887,
        "test_rmse": 18970.963173550645,
        "train_mae": 5833.307187642787,
        "test_mae": 13325.0680725761,
        "cv_r2_mean": 0.8809168292781443,
        "cv_r2_std": 0.02034045360293483
    },
    "Gradient Boosting": {
        "train_r2": 0.982328197677503,
        "test_r2": 0.9235406378867796,
        "train_rmse": 7770.129084218992,
        "test_rmse": 16862.797980768868,
        "train_mae": 6106.203523771715,
        "test_mae": 12021.021880066688,
        "cv_r2_mean": 0.8982172159826168,
        "cv_r2_std": 0.01788566134668776
    },
    "XGBoost": {
        "train_r2": 0.9798222184181213,
        "test_r2": 0.9211543798446655,
        "train_rmse": 8302.798564339617,
        "test_rmse": 17123.920111936986,
        "train_mae": 6316.048828125,
        "test_mae": 12093.791015625,
        "cv_r2_mean": 0.8963238596916199,
        "cv_r2_std": 0.019523162664275277
    },
    "LightGBM": {
        "train_r2": 0.9677816168980997,
        "test_r2": 0.9188933005556079,
        "train_rmse": 10491.550658655771,
        "test_rmse": 17367.71429402394,
        "train_mae": 7616.25719103539,
        "test_mae": 12254.390293488408,
        "cv_r2_mean": 0.8957673714525592,
        "cv_r2_std": 0.022449072274178545
    }
}