{
    "Linear Regression": {
        "train_r2": 0.9299071356914113,
        "test_r2": 0.8307992345953865,
        "train_rmse": 15474.788251937434,
        "test_rmse": 25085.078449067074,
        "train_mae": 10776.273159935341,
        "test_mae": 13424.030904352338,
        "cv_r2_mean": 0.7770861563225301,
        "cv_r2_std": 0.15660913595377904
    },
    "Ridge": {
        "train_r2": 0.9234014660827051,
        "test_r2": 0.8619614995436854,
        "train_rmse": 16177.002030716472,
        "test_rmse": 22657.62675614882,
        "train_mae": 11499.13350788745,
        "test_mae": 13496.514498775789,
        "cv_r2_mean": 0.8171865143443062,
        "cv_r2_std": 0.14003676789218278
    },
    "Lasso": {
        "train_r2": 0.929755212310644,
        "test_r2": 0.8391225053485706,
        "train_rmse": 15491.549655795514,
        "test_rmse": 24460.30956452881,
        "train_mae": 10838.962291613656,
        "test_mae": 13183.784327437274,
        "cv_r2_mean": 0.799600350589681,
        "cv_r2_std": 0.15434375099867922
    },
    "ElasticNet": {
        "train_r2": 0.8554672593393742,
        "test_r2": 0.8253575806190104,
        "train_rmse": 22221.375094866802,
        "test_rmse": 25485.266036589386,
        "train_mae": 14983.387549094741,
        "test_mae": 15662.676867112485,
        "cv_r2_mean": 0.8300053531248477,
        "cv_r2_std": 0.08457693549662013
    },
    "Random Forest": {
        "train_r2": 0.9772666185758508,
        "test_r2": 0.9044238192189001,
        "train_rmse": 8812.920057774434,
        "test_rmse": 18853.37639303477,
        "train_mae": 5861.116050615214,
        "test_mae": 13274.18477845837,
        "cv_r2_mean": 0.8810834805607566,
        "cv_r2_std": 0.019825838953090088
    },
    "Gradient Boosting": {
        "train_r2": 0.9822650484310222,
        "test_r2": 0.9240502400718827,
        "train_rmse": 7783.999775405233,
        "test_rmse": 16806.508698403686,
        "train_mae": 6118.681038864513,
        "test_mae": 11943.91597406653,
        "cv_r2_mean": 0.8996034468851841,
        "cv_r2_std": 0.015831601734677157
    },
    "XGBoost": {
        "train_r2": 0.9792683124542236,
        "test_r2": 0.9214096665382385,
        "train_rmse": 8415.989543719741,
        "test_rmse": 17096.174074920975,
        "train_mae": 6395.77392578125,
        "test_mae": 12141.5673828125,
        "cv_r2_mean": 0.8969814777374268,
        "cv_r2_std": 0.018516721595866478
    },
    "LightGBM": {
        "train_r2": 0.9677816168980997,
        "test_r2": 0.9188933005556079,
        "train_rmse": 10491.550658655771,
        "test_rmse": 17367.71429402394,
        "train_mae": 7616.25719103539,
        "test_mae": 12254.390293488408,
        "cv_r2_mean": 0.8952630803416414,
        "cv_r2_std": 0.022380575170948054
    }
}